-- phpMyAdmin SQL Dump
-- version 3.3.7deb3build0.10.10.1
-- http://www.phpmyadmin.net
--
-- Host: localhost
-- Generation Time: Feb 03, 2011 at 02:17 PM
-- Server version: 5.1.49
-- PHP Version: 5.3.3-1ubuntu9.3

SET SQL_MODE="NO_AUTO_VALUE_ON_ZERO";


/*!40101 SET @OLD_CHARACTER_SET_CLIENT=@@CHARACTER_SET_CLIENT */;
/*!40101 SET @OLD_CHARACTER_SET_RESULTS=@@CHARACTER_SET_RESULTS */;
/*!40101 SET @OLD_COLLATION_CONNECTION=@@COLLATION_CONNECTION */;
/*!40101 SET NAMES utf8 */;

--
-- Database: `webair`
--

-- --------------------------------------------------------

--
-- Table structure for table `active_guests`
--

DROP TABLE IF EXISTS `active_guests`;
CREATE TABLE IF NOT EXISTS `active_guests` (
  `ip` varchar(15) NOT NULL,
  `timestamp` int(11) unsigned NOT NULL,
  PRIMARY KEY (`ip`)
) ENGINE=MyISAM DEFAULT CHARSET=latin1;

--
-- Dumping data for table `active_guests`
--

INSERT INTO `active_guests` (`ip`, `timestamp`) VALUES
('::1', 1296742528);

-- --------------------------------------------------------

--
-- Table structure for table `active_users`
--

DROP TABLE IF EXISTS `active_users`;
CREATE TABLE IF NOT EXISTS `active_users` (
  `username` varchar(30) NOT NULL,
  `timestamp` int(11) unsigned NOT NULL,
  PRIMARY KEY (`username`)
) ENGINE=MyISAM DEFAULT CHARSET=latin1;

--
-- Dumping data for table `active_users`
--


-- --------------------------------------------------------

--
-- Table structure for table `banned_users`
--

DROP TABLE IF EXISTS `banned_users`;
CREATE TABLE IF NOT EXISTS `banned_users` (
  `username` varchar(30) NOT NULL,
  `timestamp` int(11) unsigned NOT NULL,
  PRIMARY KEY (`username`)
) ENGINE=MyISAM DEFAULT CHARSET=latin1;

--
-- Dumping data for table `banned_users`
--


-- --------------------------------------------------------

--
-- Table structure for table `cust_booking`
--

DROP TABLE IF EXISTS `cust_booking`;
CREATE TABLE IF NOT EXISTS `cust_booking` (
  `customer_id` int(6) NOT NULL,
  `cust_booking_ref` int(6) NOT NULL,
  `flight_id` int(11) NOT NULL,
  `departure_date` date NOT NULL,
  `total_price` int(11) NOT NULL,
  `num_adults` int(11) NOT NULL,
  `num_children` int(11) NOT NULL,
  `order_date` date NOT NULL,
  PRIMARY KEY (`customer_id`,`cust_booking_ref`)
) ENGINE=MyISAM DEFAULT CHARSET=latin1;

--
-- Dumping data for table `cust_booking`
--

INSERT INTO `cust_booking` (`customer_id`, `cust_booking_ref`, `flight_id`, `departure_date`, `total_price`, `num_adults`, `num_children`, `order_date`) VALUES
(508088, 688419, 5, '2011-01-24', 45, 1, 0, '2011-01-24'),
(100001, 780020, 5, '2011-01-24', 450, 10, 10, '2011-01-24'),
(100001, 402643, 7, '2011-01-24', 455, 7, 2, '2011-01-24'),
(100001, 203553, 7, '2011-01-24', 455, 7, 2, '2011-01-24'),
(100001, 821039, 2, '2011-01-24', 220, 4, 2, '2011-01-24'),
(100001, 625546, 4, '2011-01-24', 360, 9, 6, '2011-01-24'),
(100001, 706757, 4, '2011-01-24', 360, 9, 6, '2011-01-24'),
(100001, 466832, 4, '2011-01-24', 360, 9, 6, '2011-01-24'),
(100001, 468070, 5, '2011-01-24', 450, 10, 10, '2011-01-24'),
(100001, 299838, 5, '2011-01-24', 90, 2, 0, '2011-01-24'),
(100001, 770596, 5, '2011-01-24', 450, 10, 9, '2011-01-24'),
(100001, 960552, 5, '2011-01-24', 225, 5, 0, '2011-01-24'),
(100001, 315850, 5, '2011-01-24', 45, 1, 0, '2011-01-24'),
(100001, 814479, 6, '2011-01-25', 35, 1, 0, '2011-01-25'),
(100001, 226232, 2, '2011-01-25', 110, 2, 0, '2011-01-25'),
(100001, 714343, 5, '2011-01-25', 45, 1, 0, '2011-01-25'),
(645424, 360571, 5, '2011-01-25', 45, 1, 0, '2011-01-25'),
(645424, 900577, 7, '2011-01-25', 130, 2, 0, '2011-01-25'),
(645424, 582220, 5, '2011-01-25', 45, 1, 0, '2011-01-25'),
(645424, 599247, 6, '2011-01-25', 35, 1, 0, '2011-01-25'),
(100001, 491167, 5, '2011-01-27', 45, 1, 0, '2011-01-27'),
(100001, 592716, 5, '2011-01-28', 45, 1, 6, '2011-01-27'),
(100001, 649414, 5, '2011-01-30', 45, 1, 0, '2011-01-28'),
(100001, 489506, 5, '2011-01-28', 45, 1, 0, '2011-01-28'),
(100001, 894686, 5, '2011-01-28', 45, 1, 0, '2011-01-28'),
(100001, 837770, 5, '2011-01-29', 45, 1, 0, '2011-01-29'),
(100001, 295834, 5, '2011-01-27', 45, 1, 0, '2011-01-29'),
(999210, 798255, 5, '2011-01-29', 45, 1, 0, '2011-01-29'),
(100001, 959364, 8, '2011-01-30', 65, 1, 0, '2011-01-30'),
(100003, 144982, 8, '2011-01-31', 65, 1, 0, '2011-01-30'),
(100001, 961786, 5, '2011-01-31', 45, 1, 0, '2011-01-31'),
(100001, 319737, 5, '2011-02-02', 45, 1, 0, '2011-02-02'),
(443671, 663448, 5, '2011-02-10', 450, 10, 10, '2011-02-02'),
(443671, 619722, 5, '2011-02-02', 450, 10, 10, '2011-02-03'),
(443671, 590799, 5, '2011-02-03', 450, 10, 10, '2011-02-03'),
(443671, 631436, 5, '2011-02-03', 450, 10, 10, '2011-02-03');

-- --------------------------------------------------------

--
-- Table structure for table `flight_alloc`
--

DROP TABLE IF EXISTS `flight_alloc`;
CREATE TABLE IF NOT EXISTS `flight_alloc` (
  `flight_id` int(11) NOT NULL,
  `flight_date` date NOT NULL,
  `seats_alloc` int(11) NOT NULL DEFAULT '0',
  PRIMARY KEY (`flight_id`,`flight_date`)
) ENGINE=InnoDB DEFAULT CHARSET=latin1;

--
-- Dumping data for table `flight_alloc`
--

INSERT INTO `flight_alloc` (`flight_id`, `flight_date`, `seats_alloc`) VALUES
(1, '2011-02-02', 0),
(1, '2011-02-03', 0),
(1, '2011-02-04', 0),
(1, '2011-02-05', 0),
(1, '2011-02-06', 0),
(1, '2011-02-07', 0),
(1, '2011-02-08', 0),
(1, '2011-02-09', 0),
(1, '2011-02-10', 0),
(1, '2011-02-11', 0),
(1, '2011-02-12', 0),
(1, '2011-02-13', 0),
(1, '2011-02-14', 0),
(1, '2011-02-15', 0),
(1, '2011-02-16', 0),
(1, '2011-02-17', 0),
(1, '2011-02-18', 0),
(1, '2011-02-19', 0),
(1, '2011-02-20', 0),
(1, '2011-02-21', 0),
(1, '2011-02-22', 0),
(1, '2011-02-23', 0),
(1, '2011-02-24', 0),
(1, '2011-02-25', 0),
(1, '2011-02-26', 0),
(1, '2011-02-27', 0),
(1, '2011-02-28', 0),
(1, '2011-03-01', 0),
(1, '2011-03-02', 0),
(1, '2011-03-03', 0),
(1, '2011-03-04', 0),
(1, '2011-03-05', 0),
(1, '2011-03-06', 0),
(1, '2011-03-07', 0),
(1, '2011-03-08', 0),
(1, '2011-03-09', 0),
(1, '2011-03-10', 0),
(1, '2011-03-11', 0),
(1, '2011-03-12', 0),
(1, '2011-03-13', 0),
(1, '2011-03-14', 0),
(1, '2011-03-15', 0),
(1, '2011-03-16', 0),
(1, '2011-03-17', 0),
(1, '2011-03-18', 0),
(1, '2011-03-19', 0),
(1, '2011-03-20', 0),
(1, '2011-03-21', 0),
(1, '2011-03-22', 0),
(1, '2011-03-23', 0),
(1, '2011-03-24', 0),
(1, '2011-03-25', 0),
(1, '2011-03-26', 0),
(1, '2011-03-27', 0),
(1, '2011-03-28', 0),
(1, '2011-03-29', 0),
(1, '2011-03-30', 0),
(1, '2011-03-31', 0),
(1, '2011-04-00', 0),
(1, '2011-04-01', 0),
(1, '2011-04-02', 0),
(1, '2011-04-03', 0),
(1, '2011-04-04', 0),
(1, '2011-04-05', 0),
(1, '2011-04-06', 0),
(1, '2011-04-07', 0),
(1, '2011-04-08', 0),
(1, '2011-04-09', 0),
(1, '2011-04-10', 0),
(1, '2011-04-11', 0),
(1, '2011-04-12', 0),
(1, '2011-04-13', 0),
(1, '2011-04-14', 0),
(1, '2011-04-15', 0),
(1, '2011-04-16', 0),
(1, '2011-04-17', 0),
(1, '2011-04-18', 0),
(1, '2011-04-19', 0),
(1, '2011-04-20', 0),
(1, '2011-04-21', 0),
(1, '2011-04-22', 0),
(1, '2011-04-23', 0),
(1, '2011-04-24', 0),
(1, '2011-04-25', 0),
(1, '2011-04-26', 0),
(1, '2011-04-27', 0),
(1, '2011-04-28', 0),
(1, '2011-04-29', 0),
(1, '2011-04-30', 0),
(1, '2011-05-01', 0),
(1, '2011-05-02', 0),
(2, '2011-02-02', 0),
(2, '2011-02-03', 0),
(2, '2011-02-04', 0),
(2, '2011-02-05', 0),
(2, '2011-02-06', 0),
(2, '2011-02-07', 0),
(2, '2011-02-08', 0),
(2, '2011-02-09', 0),
(2, '2011-02-10', 0),
(2, '2011-02-11', 0),
(2, '2011-02-12', 0),
(2, '2011-02-13', 0),
(2, '2011-02-14', 0),
(2, '2011-02-15', 0),
(2, '2011-02-16', 0),
(2, '2011-02-17', 0),
(2, '2011-02-18', 0),
(2, '2011-02-19', 0),
(2, '2011-02-20', 0),
(2, '2011-02-21', 0),
(2, '2011-02-22', 0),
(2, '2011-02-23', 0),
(2, '2011-02-24', 0),
(2, '2011-02-25', 0),
(2, '2011-02-26', 0),
(2, '2011-02-27', 0),
(2, '2011-02-28', 0),
(2, '2011-03-01', 0),
(2, '2011-03-02', 0),
(2, '2011-03-03', 0),
(2, '2011-03-04', 0),
(2, '2011-03-05', 0),
(2, '2011-03-06', 0),
(2, '2011-03-07', 0),
(2, '2011-03-08', 0),
(2, '2011-03-09', 0),
(2, '2011-03-10', 0),
(2, '2011-03-11', 0),
(2, '2011-03-12', 0),
(2, '2011-03-13', 0),
(2, '2011-03-14', 0),
(2, '2011-03-15', 0),
(2, '2011-03-16', 0),
(2, '2011-03-17', 0),
(2, '2011-03-18', 0),
(2, '2011-03-19', 0),
(2, '2011-03-20', 0),
(2, '2011-03-21', 0),
(2, '2011-03-22', 0),
(2, '2011-03-23', 0),
(2, '2011-03-24', 0),
(2, '2011-03-25', 0),
(2, '2011-03-26', 0),
(2, '2011-03-27', 0),
(2, '2011-03-28', 0),
(2, '2011-03-29', 0),
(2, '2011-03-30', 0),
(2, '2011-03-31', 0),
(2, '2011-04-00', 0),
(2, '2011-04-01', 0),
(2, '2011-04-02', 0),
(2, '2011-04-03', 0),
(2, '2011-04-04', 0),
(2, '2011-04-05', 0),
(2, '2011-04-06', 0),
(2, '2011-04-07', 0),
(2, '2011-04-08', 0),
(2, '2011-04-09', 0),
(2, '2011-04-10', 0),
(2, '2011-04-11', 0),
(2, '2011-04-12', 0),
(2, '2011-04-13', 0),
(2, '2011-04-14', 0),
(2, '2011-04-15', 0),
(2, '2011-04-16', 0),
(2, '2011-04-17', 0),
(2, '2011-04-18', 0),
(2, '2011-04-19', 0),
(2, '2011-04-20', 0),
(2, '2011-04-21', 0),
(2, '2011-04-22', 0),
(2, '2011-04-23', 0),
(2, '2011-04-24', 0),
(2, '2011-04-25', 0),
(2, '2011-04-26', 0),
(2, '2011-04-27', 0),
(2, '2011-04-28', 0),
(2, '2011-04-29', 0),
(2, '2011-04-30', 0),
(2, '2011-05-01', 0),
(2, '2011-05-02', 0),
(3, '2011-02-02', 0),
(3, '2011-02-03', 0),
(3, '2011-02-04', 0),
(3, '2011-02-05', 0),
(3, '2011-02-06', 0),
(3, '2011-02-07', 0),
(3, '2011-02-08', 0),
(3, '2011-02-09', 0),
(3, '2011-02-10', 0),
(3, '2011-02-11', 0),
(3, '2011-02-12', 0),
(3, '2011-02-13', 0),
(3, '2011-02-14', 0),
(3, '2011-02-15', 0),
(3, '2011-02-16', 0),
(3, '2011-02-17', 0),
(3, '2011-02-18', 0),
(3, '2011-02-19', 0),
(3, '2011-02-20', 0),
(3, '2011-02-21', 0),
(3, '2011-02-22', 0),
(3, '2011-02-23', 0),
(3, '2011-02-24', 0),
(3, '2011-02-25', 0),
(3, '2011-02-26', 0),
(3, '2011-02-27', 0),
(3, '2011-02-28', 0),
(3, '2011-03-01', 0),
(3, '2011-03-02', 0),
(3, '2011-03-03', 0),
(3, '2011-03-04', 0),
(3, '2011-03-05', 0),
(3, '2011-03-06', 0),
(3, '2011-03-07', 0),
(3, '2011-03-08', 0),
(3, '2011-03-09', 0),
(3, '2011-03-10', 0),
(3, '2011-03-11', 0),
(3, '2011-03-12', 0),
(3, '2011-03-13', 0),
(3, '2011-03-14', 0),
(3, '2011-03-15', 0),
(3, '2011-03-16', 0),
(3, '2011-03-17', 0),
(3, '2011-03-18', 0),
(3, '2011-03-19', 0),
(3, '2011-03-20', 0),
(3, '2011-03-21', 0),
(3, '2011-03-22', 0),
(3, '2011-03-23', 0),
(3, '2011-03-24', 0),
(3, '2011-03-25', 0),
(3, '2011-03-26', 0),
(3, '2011-03-27', 0),
(3, '2011-03-28', 0),
(3, '2011-03-29', 0),
(3, '2011-03-30', 0),
(3, '2011-03-31', 0),
(3, '2011-04-00', 0),
(3, '2011-04-01', 0),
(3, '2011-04-02', 0),
(3, '2011-04-03', 0),
(3, '2011-04-04', 0),
(3, '2011-04-05', 0),
(3, '2011-04-06', 0),
(3, '2011-04-07', 0),
(3, '2011-04-08', 0),
(3, '2011-04-09', 0),
(3, '2011-04-10', 0),
(3, '2011-04-11', 0),
(3, '2011-04-12', 0),
(3, '2011-04-13', 0),
(3, '2011-04-14', 0),
(3, '2011-04-15', 0),
(3, '2011-04-16', 0),
(3, '2011-04-17', 0),
(3, '2011-04-18', 0),
(3, '2011-04-19', 0),
(3, '2011-04-20', 0),
(3, '2011-04-21', 0),
(3, '2011-04-22', 0),
(3, '2011-04-23', 0),
(3, '2011-04-24', 0),
(3, '2011-04-25', 0),
(3, '2011-04-26', 0),
(3, '2011-04-27', 0),
(3, '2011-04-28', 0),
(3, '2011-04-29', 0),
(3, '2011-04-30', 0),
(3, '2011-05-01', 0),
(3, '2011-05-02', 0),
(4, '2011-02-02', 0),
(4, '2011-02-03', 0),
(4, '2011-02-04', 0),
(4, '2011-02-05', 0),
(4, '2011-02-06', 0),
(4, '2011-02-07', 0),
(4, '2011-02-08', 0),
(4, '2011-02-09', 0),
(4, '2011-02-10', 0),
(4, '2011-02-11', 0),
(4, '2011-02-12', 0),
(4, '2011-02-13', 0),
(4, '2011-02-14', 0),
(4, '2011-02-15', 0),
(4, '2011-02-16', 0),
(4, '2011-02-17', 0),
(4, '2011-02-18', 0),
(4, '2011-02-19', 0),
(4, '2011-02-20', 0),
(4, '2011-02-21', 0),
(4, '2011-02-22', 0),
(4, '2011-02-23', 0),
(4, '2011-02-24', 0),
(4, '2011-02-25', 0),
(4, '2011-02-26', 0),
(4, '2011-02-27', 0),
(4, '2011-02-28', 0),
(4, '2011-03-01', 0),
(4, '2011-03-02', 0),
(4, '2011-03-03', 0),
(4, '2011-03-04', 0),
(4, '2011-03-05', 0),
(4, '2011-03-06', 0),
(4, '2011-03-07', 0),
(4, '2011-03-08', 0),
(4, '2011-03-09', 0),
(4, '2011-03-10', 0),
(4, '2011-03-11', 0),
(4, '2011-03-12', 0),
(4, '2011-03-13', 0),
(4, '2011-03-14', 0),
(4, '2011-03-15', 0),
(4, '2011-03-16', 0),
(4, '2011-03-17', 0),
(4, '2011-03-18', 0),
(4, '2011-03-19', 0),
(4, '2011-03-20', 0),
(4, '2011-03-21', 0),
(4, '2011-03-22', 0),
(4, '2011-03-23', 0),
(4, '2011-03-24', 0),
(4, '2011-03-25', 0),
(4, '2011-03-26', 0),
(4, '2011-03-27', 0),
(4, '2011-03-28', 0),
(4, '2011-03-29', 0),
(4, '2011-03-30', 0),
(4, '2011-03-31', 0),
(4, '2011-04-00', 0),
(4, '2011-04-01', 0),
(4, '2011-04-02', 0),
(4, '2011-04-03', 0),
(4, '2011-04-04', 0),
(4, '2011-04-05', 0),
(4, '2011-04-06', 0),
(4, '2011-04-07', 0),
(4, '2011-04-08', 0),
(4, '2011-04-09', 0),
(4, '2011-04-10', 0),
(4, '2011-04-11', 0),
(4, '2011-04-12', 0),
(4, '2011-04-13', 0),
(4, '2011-04-14', 0),
(4, '2011-04-15', 0),
(4, '2011-04-16', 0),
(4, '2011-04-17', 0),
(4, '2011-04-18', 0),
(4, '2011-04-19', 0),
(4, '2011-04-20', 0),
(4, '2011-04-21', 0),
(4, '2011-04-22', 0),
(4, '2011-04-23', 0),
(4, '2011-04-24', 0),
(4, '2011-04-25', 0),
(4, '2011-04-26', 0),
(4, '2011-04-27', 0),
(4, '2011-04-28', 0),
(4, '2011-04-29', 0),
(4, '2011-04-30', 0),
(4, '2011-05-01', 0),
(4, '2011-05-02', 0),
(5, '2011-02-02', 21),
(5, '2011-02-03', 40),
(5, '2011-02-04', 0),
(5, '2011-02-05', 0),
(5, '2011-02-06', 0),
(5, '2011-02-07', 0),
(5, '2011-02-08', 0),
(5, '2011-02-09', 0),
(5, '2011-02-10', 20),
(5, '2011-02-11', 0),
(5, '2011-02-12', 0),
(5, '2011-02-13', 0),
(5, '2011-02-14', 0),
(5, '2011-02-15', 0),
(5, '2011-02-16', 0),
(5, '2011-02-17', 0),
(5, '2011-02-18', 0),
(5, '2011-02-19', 0),
(5, '2011-02-20', 0),
(5, '2011-02-21', 0),
(5, '2011-02-22', 0),
(5, '2011-02-23', 0),
(5, '2011-02-24', 0),
(5, '2011-02-25', 0),
(5, '2011-02-26', 0),
(5, '2011-02-27', 0),
(5, '2011-02-28', 0),
(5, '2011-03-01', 0),
(5, '2011-03-02', 0),
(5, '2011-03-03', 0),
(5, '2011-03-04', 0),
(5, '2011-03-05', 0),
(5, '2011-03-06', 0),
(5, '2011-03-07', 0),
(5, '2011-03-08', 0),
(5, '2011-03-09', 0),
(5, '2011-03-10', 0),
(5, '2011-03-11', 0),
(5, '2011-03-12', 0),
(5, '2011-03-13', 0),
(5, '2011-03-14', 0),
(5, '2011-03-15', 0),
(5, '2011-03-16', 0),
(5, '2011-03-17', 0),
(5, '2011-03-18', 0),
(5, '2011-03-19', 0),
(5, '2011-03-20', 0),
(5, '2011-03-21', 0),
(5, '2011-03-22', 0),
(5, '2011-03-23', 0),
(5, '2011-03-24', 0),
(5, '2011-03-25', 0),
(5, '2011-03-26', 0),
(5, '2011-03-27', 0),
(5, '2011-03-28', 0),
(5, '2011-03-29', 0),
(5, '2011-03-30', 0),
(5, '2011-03-31', 0),
(5, '2011-04-00', 0),
(5, '2011-04-01', 0),
(5, '2011-04-02', 0),
(5, '2011-04-03', 0),
(5, '2011-04-04', 0),
(5, '2011-04-05', 0),
(5, '2011-04-06', 0),
(5, '2011-04-07', 0),
(5, '2011-04-08', 0),
(5, '2011-04-09', 0),
(5, '2011-04-10', 0),
(5, '2011-04-11', 0),
(5, '2011-04-12', 0),
(5, '2011-04-13', 0),
(5, '2011-04-14', 0),
(5, '2011-04-15', 0),
(5, '2011-04-16', 0),
(5, '2011-04-17', 0),
(5, '2011-04-18', 0),
(5, '2011-04-19', 0),
(5, '2011-04-20', 0),
(5, '2011-04-21', 0),
(5, '2011-04-22', 0),
(5, '2011-04-23', 0),
(5, '2011-04-24', 0),
(5, '2011-04-25', 0),
(5, '2011-04-26', 0),
(5, '2011-04-27', 0),
(5, '2011-04-28', 0),
(5, '2011-04-29', 0),
(5, '2011-04-30', 0),
(5, '2011-05-01', 0),
(5, '2011-05-02', 0),
(6, '2011-02-02', 0),
(6, '2011-02-03', 0),
(6, '2011-02-04', 0),
(6, '2011-02-05', 0),
(6, '2011-02-06', 0),
(6, '2011-02-07', 0),
(6, '2011-02-08', 0),
(6, '2011-02-09', 0),
(6, '2011-02-10', 0),
(6, '2011-02-11', 0),
(6, '2011-02-12', 0),
(6, '2011-02-13', 0),
(6, '2011-02-14', 0),
(6, '2011-02-15', 0),
(6, '2011-02-16', 0),
(6, '2011-02-17', 0),
(6, '2011-02-18', 0),
(6, '2011-02-19', 0),
(6, '2011-02-20', 0),
(6, '2011-02-21', 0),
(6, '2011-02-22', 0),
(6, '2011-02-23', 0),
(6, '2011-02-24', 0),
(6, '2011-02-25', 0),
(6, '2011-02-26', 0),
(6, '2011-02-27', 0),
(6, '2011-02-28', 0),
(6, '2011-03-01', 0),
(6, '2011-03-02', 0),
(6, '2011-03-03', 0),
(6, '2011-03-04', 0),
(6, '2011-03-05', 0),
(6, '2011-03-06', 0),
(6, '2011-03-07', 0),
(6, '2011-03-08', 0),
(6, '2011-03-09', 0),
(6, '2011-03-10', 0),
(6, '2011-03-11', 0),
(6, '2011-03-12', 0),
(6, '2011-03-13', 0),
(6, '2011-03-14', 0),
(6, '2011-03-15', 0),
(6, '2011-03-16', 0),
(6, '2011-03-17', 0),
(6, '2011-03-18', 0),
(6, '2011-03-19', 0),
(6, '2011-03-20', 0),
(6, '2011-03-21', 0),
(6, '2011-03-22', 0),
(6, '2011-03-23', 0),
(6, '2011-03-24', 0),
(6, '2011-03-25', 0),
(6, '2011-03-26', 0),
(6, '2011-03-27', 0),
(6, '2011-03-28', 0),
(6, '2011-03-29', 0),
(6, '2011-03-30', 0),
(6, '2011-03-31', 0),
(6, '2011-04-00', 0),
(6, '2011-04-01', 0),
(6, '2011-04-02', 0),
(6, '2011-04-03', 0),
(6, '2011-04-04', 0),
(6, '2011-04-05', 0),
(6, '2011-04-06', 0),
(6, '2011-04-07', 0),
(6, '2011-04-08', 0),
(6, '2011-04-09', 0),
(6, '2011-04-10', 0),
(6, '2011-04-11', 0),
(6, '2011-04-12', 0),
(6, '2011-04-13', 0),
(6, '2011-04-14', 0),
(6, '2011-04-15', 0),
(6, '2011-04-16', 0),
(6, '2011-04-17', 0),
(6, '2011-04-18', 0),
(6, '2011-04-19', 0),
(6, '2011-04-20', 0),
(6, '2011-04-21', 0),
(6, '2011-04-22', 0),
(6, '2011-04-23', 0),
(6, '2011-04-24', 0),
(6, '2011-04-25', 0),
(6, '2011-04-26', 0),
(6, '2011-04-27', 0),
(6, '2011-04-28', 0),
(6, '2011-04-29', 0),
(6, '2011-04-30', 0),
(6, '2011-05-01', 0),
(6, '2011-05-02', 0),
(7, '2011-02-02', 0),
(7, '2011-02-03', 0),
(7, '2011-02-04', 0),
(7, '2011-02-05', 0),
(7, '2011-02-06', 0),
(7, '2011-02-07', 0),
(7, '2011-02-08', 0),
(7, '2011-02-09', 0),
(7, '2011-02-10', 0),
(7, '2011-02-11', 0),
(7, '2011-02-12', 0),
(7, '2011-02-13', 0),
(7, '2011-02-14', 0),
(7, '2011-02-15', 0),
(7, '2011-02-16', 0),
(7, '2011-02-17', 0),
(7, '2011-02-18', 0),
(7, '2011-02-19', 0),
(7, '2011-02-20', 0),
(7, '2011-02-21', 0),
(7, '2011-02-22', 0),
(7, '2011-02-23', 0),
(7, '2011-02-24', 0),
(7, '2011-02-25', 0),
(7, '2011-02-26', 0),
(7, '2011-02-27', 0),
(7, '2011-02-28', 0),
(7, '2011-03-01', 0),
(7, '2011-03-02', 0),
(7, '2011-03-03', 0),
(7, '2011-03-04', 0),
(7, '2011-03-05', 0),
(7, '2011-03-06', 0),
(7, '2011-03-07', 0),
(7, '2011-03-08', 0),
(7, '2011-03-09', 0),
(7, '2011-03-10', 0),
(7, '2011-03-11', 0),
(7, '2011-03-12', 0),
(7, '2011-03-13', 0),
(7, '2011-03-14', 0),
(7, '2011-03-15', 0),
(7, '2011-03-16', 0),
(7, '2011-03-17', 0),
(7, '2011-03-18', 0),
(7, '2011-03-19', 0),
(7, '2011-03-20', 0),
(7, '2011-03-21', 0),
(7, '2011-03-22', 0),
(7, '2011-03-23', 0),
(7, '2011-03-24', 0),
(7, '2011-03-25', 0),
(7, '2011-03-26', 0),
(7, '2011-03-27', 0),
(7, '2011-03-28', 0),
(7, '2011-03-29', 0),
(7, '2011-03-30', 0),
(7, '2011-03-31', 0),
(7, '2011-04-00', 0),
(7, '2011-04-01', 0),
(7, '2011-04-02', 0),
(7, '2011-04-03', 0),
(7, '2011-04-04', 0),
(7, '2011-04-05', 0),
(7, '2011-04-06', 0),
(7, '2011-04-07', 0),
(7, '2011-04-08', 0),
(7, '2011-04-09', 0),
(7, '2011-04-10', 0),
(7, '2011-04-11', 0),
(7, '2011-04-12', 0),
(7, '2011-04-13', 0),
(7, '2011-04-14', 0),
(7, '2011-04-15', 0),
(7, '2011-04-16', 0),
(7, '2011-04-17', 0),
(7, '2011-04-18', 0),
(7, '2011-04-19', 0),
(7, '2011-04-20', 0),
(7, '2011-04-21', 0),
(7, '2011-04-22', 0),
(7, '2011-04-23', 0),
(7, '2011-04-24', 0),
(7, '2011-04-25', 0),
(7, '2011-04-26', 0),
(7, '2011-04-27', 0),
(7, '2011-04-28', 0),
(7, '2011-04-29', 0),
(7, '2011-04-30', 0),
(7, '2011-05-01', 0),
(7, '2011-05-02', 0),
(8, '2011-02-02', 0),
(8, '2011-02-03', 0),
(8, '2011-02-04', 0),
(8, '2011-02-05', 0),
(8, '2011-02-06', 0),
(8, '2011-02-07', 0),
(8, '2011-02-08', 0),
(8, '2011-02-09', 0),
(8, '2011-02-10', 0),
(8, '2011-02-11', 0),
(8, '2011-02-12', 0),
(8, '2011-02-13', 0),
(8, '2011-02-14', 0),
(8, '2011-02-15', 0),
(8, '2011-02-16', 0),
(8, '2011-02-17', 0),
(8, '2011-02-18', 0),
(8, '2011-02-19', 0),
(8, '2011-02-20', 0),
(8, '2011-02-21', 0),
(8, '2011-02-22', 0),
(8, '2011-02-23', 0),
(8, '2011-02-24', 0),
(8, '2011-02-25', 0),
(8, '2011-02-26', 0),
(8, '2011-02-27', 0),
(8, '2011-02-28', 0),
(8, '2011-03-01', 0),
(8, '2011-03-02', 0),
(8, '2011-03-03', 0),
(8, '2011-03-04', 0),
(8, '2011-03-05', 0),
(8, '2011-03-06', 0),
(8, '2011-03-07', 0),
(8, '2011-03-08', 0),
(8, '2011-03-09', 0),
(8, '2011-03-10', 0),
(8, '2011-03-11', 0),
(8, '2011-03-12', 0),
(8, '2011-03-13', 0),
(8, '2011-03-14', 0),
(8, '2011-03-15', 0),
(8, '2011-03-16', 0),
(8, '2011-03-17', 0),
(8, '2011-03-18', 0),
(8, '2011-03-19', 0),
(8, '2011-03-20', 0),
(8, '2011-03-21', 0),
(8, '2011-03-22', 0),
(8, '2011-03-23', 0),
(8, '2011-03-24', 0),
(8, '2011-03-25', 0),
(8, '2011-03-26', 0),
(8, '2011-03-27', 0),
(8, '2011-03-28', 0),
(8, '2011-03-29', 0),
(8, '2011-03-30', 0),
(8, '2011-03-31', 0),
(8, '2011-04-00', 0),
(8, '2011-04-01', 0),
(8, '2011-04-02', 0),
(8, '2011-04-03', 0),
(8, '2011-04-04', 0),
(8, '2011-04-05', 0),
(8, '2011-04-06', 0),
(8, '2011-04-07', 0),
(8, '2011-04-08', 0),
(8, '2011-04-09', 0),
(8, '2011-04-10', 0),
(8, '2011-04-11', 0),
(8, '2011-04-12', 0),
(8, '2011-04-13', 0),
(8, '2011-04-14', 0),
(8, '2011-04-15', 0),
(8, '2011-04-16', 0),
(8, '2011-04-17', 0),
(8, '2011-04-18', 0),
(8, '2011-04-19', 0),
(8, '2011-04-20', 0),
(8, '2011-04-21', 0),
(8, '2011-04-22', 0),
(8, '2011-04-23', 0),
(8, '2011-04-24', 0),
(8, '2011-04-25', 0),
(8, '2011-04-26', 0),
(8, '2011-04-27', 0),
(8, '2011-04-28', 0),
(8, '2011-04-29', 0),
(8, '2011-04-30', 0),
(8, '2011-05-01', 0),
(8, '2011-05-02', 0),
(9, '2011-02-02', 0),
(9, '2011-02-03', 0),
(9, '2011-02-04', 0),
(9, '2011-02-05', 0),
(9, '2011-02-06', 0),
(9, '2011-02-07', 0),
(9, '2011-02-08', 0),
(9, '2011-02-09', 0),
(9, '2011-02-10', 0),
(9, '2011-02-11', 0),
(9, '2011-02-12', 0),
(9, '2011-02-13', 0),
(9, '2011-02-14', 0),
(9, '2011-02-15', 0),
(9, '2011-02-16', 0),
(9, '2011-02-17', 0),
(9, '2011-02-18', 0),
(9, '2011-02-19', 0),
(9, '2011-02-20', 0),
(9, '2011-02-21', 0),
(9, '2011-02-22', 0),
(9, '2011-02-23', 0),
(9, '2011-02-24', 0),
(9, '2011-02-25', 0),
(9, '2011-02-26', 0),
(9, '2011-02-27', 0),
(9, '2011-02-28', 0),
(9, '2011-03-01', 0),
(9, '2011-03-02', 0),
(9, '2011-03-03', 0),
(9, '2011-03-04', 0),
(9, '2011-03-05', 0),
(9, '2011-03-06', 0),
(9, '2011-03-07', 0),
(9, '2011-03-08', 0),
(9, '2011-03-09', 0),
(9, '2011-03-10', 0),
(9, '2011-03-11', 0),
(9, '2011-03-12', 0),
(9, '2011-03-13', 0),
(9, '2011-03-14', 0),
(9, '2011-03-15', 0),
(9, '2011-03-16', 0),
(9, '2011-03-17', 0),
(9, '2011-03-18', 0),
(9, '2011-03-19', 0),
(9, '2011-03-20', 0),
(9, '2011-03-21', 0),
(9, '2011-03-22', 0),
(9, '2011-03-23', 0),
(9, '2011-03-24', 0),
(9, '2011-03-25', 0),
(9, '2011-03-26', 0),
(9, '2011-03-27', 0),
(9, '2011-03-28', 0),
(9, '2011-03-29', 0),
(9, '2011-03-30', 0),
(9, '2011-03-31', 0),
(9, '2011-04-00', 0),
(9, '2011-04-01', 0),
(9, '2011-04-02', 0),
(9, '2011-04-03', 0),
(9, '2011-04-04', 0),
(9, '2011-04-05', 0),
(9, '2011-04-06', 0),
(9, '2011-04-07', 0),
(9, '2011-04-08', 0),
(9, '2011-04-09', 0),
(9, '2011-04-10', 0),
(9, '2011-04-11', 0),
(9, '2011-04-12', 0),
(9, '2011-04-13', 0),
(9, '2011-04-14', 0),
(9, '2011-04-15', 0),
(9, '2011-04-16', 0),
(9, '2011-04-17', 0),
(9, '2011-04-18', 0),
(9, '2011-04-19', 0),
(9, '2011-04-20', 0),
(9, '2011-04-21', 0),
(9, '2011-04-22', 0),
(9, '2011-04-23', 0),
(9, '2011-04-24', 0),
(9, '2011-04-25', 0),
(9, '2011-04-26', 0),
(9, '2011-04-27', 0),
(9, '2011-04-28', 0),
(9, '2011-04-29', 0),
(9, '2011-04-30', 0),
(9, '2011-05-01', 0),
(9, '2011-05-02', 0),
(10, '2011-02-02', 0),
(10, '2011-02-03', 0),
(10, '2011-02-04', 0),
(10, '2011-02-05', 0),
(10, '2011-02-06', 0),
(10, '2011-02-07', 0),
(10, '2011-02-08', 0),
(10, '2011-02-09', 0),
(10, '2011-02-10', 0),
(10, '2011-02-11', 0),
(10, '2011-02-12', 0),
(10, '2011-02-13', 0),
(10, '2011-02-14', 0),
(10, '2011-02-15', 0),
(10, '2011-02-16', 0),
(10, '2011-02-17', 0),
(10, '2011-02-18', 0),
(10, '2011-02-19', 0),
(10, '2011-02-20', 0),
(10, '2011-02-21', 0),
(10, '2011-02-22', 0),
(10, '2011-02-23', 0),
(10, '2011-02-24', 0),
(10, '2011-02-25', 0),
(10, '2011-02-26', 0),
(10, '2011-02-27', 0),
(10, '2011-02-28', 0),
(10, '2011-03-01', 0),
(10, '2011-03-02', 0),
(10, '2011-03-03', 0),
(10, '2011-03-04', 0),
(10, '2011-03-05', 0),
(10, '2011-03-06', 0),
(10, '2011-03-07', 0),
(10, '2011-03-08', 0),
(10, '2011-03-09', 0),
(10, '2011-03-10', 0),
(10, '2011-03-11', 0),
(10, '2011-03-12', 0),
(10, '2011-03-13', 0),
(10, '2011-03-14', 0),
(10, '2011-03-15', 0),
(10, '2011-03-16', 0),
(10, '2011-03-17', 0),
(10, '2011-03-18', 0),
(10, '2011-03-19', 0),
(10, '2011-03-20', 0),
(10, '2011-03-21', 0),
(10, '2011-03-22', 0),
(10, '2011-03-23', 0),
(10, '2011-03-24', 0),
(10, '2011-03-25', 0),
(10, '2011-03-26', 0),
(10, '2011-03-27', 0),
(10, '2011-03-28', 0),
(10, '2011-03-29', 0),
(10, '2011-03-30', 0),
(10, '2011-03-31', 0),
(10, '2011-04-00', 0),
(10, '2011-04-01', 0),
(10, '2011-04-02', 0),
(10, '2011-04-03', 0),
(10, '2011-04-04', 0),
(10, '2011-04-05', 0),
(10, '2011-04-06', 0),
(10, '2011-04-07', 0),
(10, '2011-04-08', 0),
(10, '2011-04-09', 0),
(10, '2011-04-10', 0),
(10, '2011-04-11', 0),
(10, '2011-04-12', 0),
(10, '2011-04-13', 0),
(10, '2011-04-14', 0),
(10, '2011-04-15', 0),
(10, '2011-04-16', 0),
(10, '2011-04-17', 0),
(10, '2011-04-18', 0),
(10, '2011-04-19', 0),
(10, '2011-04-20', 0),
(10, '2011-04-21', 0),
(10, '2011-04-22', 0),
(10, '2011-04-23', 0),
(10, '2011-04-24', 0),
(10, '2011-04-25', 0),
(10, '2011-04-26', 0),
(10, '2011-04-27', 0),
(10, '2011-04-28', 0),
(10, '2011-04-29', 0),
(10, '2011-04-30', 0),
(10, '2011-05-01', 0),
(10, '2011-05-02', 0),
(11, '2011-02-02', 0),
(11, '2011-02-03', 0),
(11, '2011-02-04', 0),
(11, '2011-02-05', 0),
(11, '2011-02-06', 0),
(11, '2011-02-07', 0),
(11, '2011-02-08', 0),
(11, '2011-02-09', 0),
(11, '2011-02-10', 0),
(11, '2011-02-11', 0),
(11, '2011-02-12', 0),
(11, '2011-02-13', 0),
(11, '2011-02-14', 0),
(11, '2011-02-15', 0),
(11, '2011-02-16', 0),
(11, '2011-02-17', 0),
(11, '2011-02-18', 0),
(11, '2011-02-19', 0),
(11, '2011-02-20', 0),
(11, '2011-02-21', 0),
(11, '2011-02-22', 0),
(11, '2011-02-23', 0),
(11, '2011-02-24', 0),
(11, '2011-02-25', 0),
(11, '2011-02-26', 0),
(11, '2011-02-27', 0),
(11, '2011-02-28', 0),
(11, '2011-03-01', 0),
(11, '2011-03-02', 0),
(11, '2011-03-03', 0),
(11, '2011-03-04', 0),
(11, '2011-03-05', 0),
(11, '2011-03-06', 0),
(11, '2011-03-07', 0),
(11, '2011-03-08', 0),
(11, '2011-03-09', 0),
(11, '2011-03-10', 0),
(11, '2011-03-11', 0),
(11, '2011-03-12', 0),
(11, '2011-03-13', 0),
(11, '2011-03-14', 0),
(11, '2011-03-15', 0),
(11, '2011-03-16', 0),
(11, '2011-03-17', 0),
(11, '2011-03-18', 0),
(11, '2011-03-19', 0),
(11, '2011-03-20', 0),
(11, '2011-03-21', 0),
(11, '2011-03-22', 0),
(11, '2011-03-23', 0),
(11, '2011-03-24', 0),
(11, '2011-03-25', 0),
(11, '2011-03-26', 0),
(11, '2011-03-27', 0),
(11, '2011-03-28', 0),
(11, '2011-03-29', 0),
(11, '2011-03-30', 0),
(11, '2011-03-31', 0),
(11, '2011-04-00', 0),
(11, '2011-04-01', 0),
(11, '2011-04-02', 0),
(11, '2011-04-03', 0),
(11, '2011-04-04', 0),
(11, '2011-04-05', 0),
(11, '2011-04-06', 0),
(11, '2011-04-07', 0),
(11, '2011-04-08', 0),
(11, '2011-04-09', 0),
(11, '2011-04-10', 0),
(11, '2011-04-11', 0),
(11, '2011-04-12', 0),
(11, '2011-04-13', 0),
(11, '2011-04-14', 0),
(11, '2011-04-15', 0),
(11, '2011-04-16', 0),
(11, '2011-04-17', 0),
(11, '2011-04-18', 0),
(11, '2011-04-19', 0),
(11, '2011-04-20', 0),
(11, '2011-04-21', 0),
(11, '2011-04-22', 0),
(11, '2011-04-23', 0),
(11, '2011-04-24', 0),
(11, '2011-04-25', 0),
(11, '2011-04-26', 0),
(11, '2011-04-27', 0),
(11, '2011-04-28', 0),
(11, '2011-04-29', 0),
(11, '2011-04-30', 0),
(11, '2011-05-01', 0),
(11, '2011-05-02', 0);

-- --------------------------------------------------------

--
-- Table structure for table `flight_info`
--

DROP TABLE IF EXISTS `flight_info`;
CREATE TABLE IF NOT EXISTS `flight_info` (
  `flightid` int(11) NOT NULL AUTO_INCREMENT,
  `seat_cost` int(11) NOT NULL,
  `origin` varchar(45) NOT NULL,
  `destination` varchar(45) NOT NULL,
  `departure_time` time NOT NULL,
  `arrival_time` time NOT NULL,
  PRIMARY KEY (`flightid`)
) ENGINE=InnoDB  DEFAULT CHARSET=latin1 AUTO_INCREMENT=12 ;

--
-- Dumping data for table `flight_info`
--

INSERT INTO `flight_info` (`flightid`, `seat_cost`, `origin`, `destination`, `departure_time`, `arrival_time`) VALUES
(1, 55, 'Bristol', 'Newcastle', '07:00:00', '08:15:00'),
(2, 55, 'Newcastle', 'Bristol', '08:45:00', '10:00:00'),
(3, 40, 'Bristol', 'Manchester', '10:40:00', '11:45:00'),
(4, 40, 'Manchester', 'Bristol', '12:20:00', '13:00:00'),
(5, 45, 'Bristol', 'Dublin', '13:25:00', '14:00:00'),
(6, 35, 'Dublin', 'Glasgow', '14:25:00', '15:10:00'),
(7, 65, 'Glasgow', 'Bristol', '15:40:00', '17:00:00'),
(8, 65, 'Bristol', 'Glasgow', '17:40:00', '19:00:00'),
(9, 35, 'Glasgow', 'Newcastle', '19:30:00', '20:05:00'),
(10, 35, 'Newcastle', 'Manchester', '20:30:00', '21:05:00'),
(11, 40, 'Manchester', 'Bristol', '21:40:00', '22:40:00');

-- --------------------------------------------------------

--
-- Table structure for table `users`
--

DROP TABLE IF EXISTS `users`;
CREATE TABLE IF NOT EXISTS `users` (
  `username` varchar(30) NOT NULL,
  `fname` text NOT NULL,
  `lname` text NOT NULL,
  `password` varchar(32) DEFAULT NULL,
  `userid` varchar(32) DEFAULT NULL,
  `userlevel` tinyint(1) unsigned NOT NULL,
  `email` varchar(50) DEFAULT NULL,
  `timestamp` int(11) unsigned NOT NULL,
  `customer_id` int(6) NOT NULL,
  PRIMARY KEY (`username`)
) ENGINE=MyISAM DEFAULT CHARSET=latin1;

--
-- Dumping data for table `users`
--

INSERT INTO `users` (`username`, `fname`, `lname`, `password`, `userid`, `userlevel`, `email`, `timestamp`, `customer_id`) VALUES
('justin', '', '', '53dd9c6005f3cdfc5a69c5c07388016d', 'bd55c8eb8562444ad12b0d5604e05651', 1, 'j.lewis@inbox.com', 1296679875, 100001),
('admin', '', '', '53dd9c6005f3cdfc5a69c5c07388016d', 'd5b3c9c2a0dfb0398194e067458e4a80', 9, 'j.lewis@inbox.com', 1296679868, 100002),
('Hannah', '', '', 'a0fa1c0a0cbbc69550aa9a3581e93868', '5f1cd33ca61a85ff598eaaa4362bcd67', 1, 'weefunkymoo@hotmail.co.uk', 1296421044, 100003),
('justin2', '', '', '53dd9c6005f3cdfc5a69c5c07388016d', '4c469338f7bb165d1e999666c04acd41', 1, 'j.lewis@inbox.com', 1295807262, 100004),
('justin3', '', '', '53dd9c6005f3cdfc5a69c5c07388016d', 'afc0889ddb3e5eb675aca1fa977a14ac', 1, 'j.lewis@inbox.com', 1295887722, 508088),
('justin6', '', '', '53dd9c6005f3cdfc5a69c5c07388016d', '0', 1, 'j.lewis@inbox.com', 1295976965, 897528),
('justin7', '', '', '53dd9c6005f3cdfc5a69c5c07388016d', '0fa8f1cd80922a590f4ae07158384c5b', 1, 'j.lewis@inbox.com', 1295979581, 645424),
('justin8', '', '', '53dd9c6005f3cdfc5a69c5c07388016d', '0', 1, 'j.lewis@inbox.com', 1295982371, 809668),
('nicky', '', '', '6ecc0500d10ea0a41cba814ce259ef75', 'c72220c56ddf6d915eb15375ab7357ec', 1, 'nckymy@yahoo.co.uk', 1296393085, 999210),
('jlewis', 'Justin', 'Lewis', 'b9034d661f9f8f0d5cedd8c529a1f862', 'eb6e25f3b62ee4ee432b69a896dd123d', 9, 'j.lewis@inbox.com', 1296692680, 443671),
('jlewis2', 'Justin', 'Lewis', 'b9034d661f9f8f0d5cedd8c529a1f862', '0', 1, 'j.lewis@inbox.com', 1296674438, 606045),
('jlewis3', 'Justin', 'Lewis', 'b9034d661f9f8f0d5cedd8c529a1f862', '0', 1, 'j.lewis@inbox.com', 1296674510, 425728),
('jlewis4', 'Justin', 'Lewis', 'b9034d661f9f8f0d5cedd8c529a1f862', '0', 1, 'j.lewis@inbox.com', 1296674576, 563746);

--
-- Constraints for dumped tables
--

--
-- Constraints for table `flight_alloc`
--
ALTER TABLE `flight_alloc`
  ADD CONSTRAINT `flight_alloc_ibfk_1` FOREIGN KEY (`flight_id`) REFERENCES `flight_info` (`flightid`);
